chrom,pos,snps,genes
chr1,55405787,rs111314246,PCSK9
chr1,55405850,rs11206476,PCSK9
chr1,55406204,rs61769394,PCSK9
chr1,55407200,rs6694014,PCSK9
chr1,55407294,rs11206477,PCSK9
chr1,55407822,rs978479,PCSK9
chr1,55407938,rs147803866,PCSK9
chr1,55408156,rs6684892,PCSK9
chr1,55409116,rs2081705,PCSK9
chr1,55409124,rs2081706,PCSK9
chr1,55409194,rs2081707,PCSK9
chr1,55409479,rs149118914,PCSK9
chr1,55410096,rs79565158,PCSK9
chr1,55410115,rs76592468,PCSK9
chr1,55410630,rs369402149,PCSK9
chr1,55410879,rs12138834,PCSK9
chr1,55410888,rs12138835,PCSK9
chr1,55410941,rs138133229,PCSK9
chr1,55411194,rs566495183,PCSK9
chr1,55411496,rs11804691,PCSK9
chr1,55411696,rs11803041,PCSK9
chr1,55411708,rs1863668,PCSK9
chr1,55411764,rs75343175,PCSK9
chr1,55411838,rs367559275,PCSK9
chr1,55412023,rs76778346,PCSK9
chr1,55412160,rs79383945,PCSK9
chr1,55412165,rs114174213,PCSK9
chr1,55412277,rs115027298,PCSK9
chr1,55412309,rs80009794,PCSK9
chr1,55412475,rs116457972,PCSK9
chr1,55412604,rs139602378,PCSK9
chr1,55412669,rs12126186,PCSK9
chr1,55412680,rs150940015,PCSK9
chr1,55413100,rs139471022,PCSK9
chr1,55413221,rs2018877,PCSK9
chr1,55413235,rs77070272,PCSK9
chr1,55413361,rs7549203,PCSK9
chr1,55413433,rs78918334,PCSK9
chr1,55413434,rs78923434,PCSK9
chr1,55413602,rs78516868,PCSK9
chr1,55413682,rs140371435,PCSK9
chr1,55413690,rs145496542,PCSK9
chr1,55414102,rs116640032,PCSK9
chr1,55414110,rs115583039,PCSK9
chr1,55414273,rs11206479,PCSK9
chr1,55414340,rs79994320,PCSK9
chr1,55414375,rs114113119,PCSK9
chr1,55414469,rs143702307,PCSK9
chr1,55414537,rs12410207,PCSK9
chr1,55414598,rs146273564,PCSK9
chr1,55414618,rs186914202,PCSK9
chr1,55414630,rs189803277,PCSK9
chr1,55414678,rs139359176,PCSK9
chr1,55414692,rs117617504,PCSK9
chr1,55414973,rs76971682,PCSK9
chr1,55415044,rs78167962,PCSK9
chr1,55415263,rs76868260,PCSK9
chr1,55415443,rs149605609,PCSK9
chr1,55415851,rs11811244,PCSK9
chr1,55416444,rs9787138,PCSK9
chr1,55416775,rs12016659,PCSK9
chr1,55416827,rs11206480,PCSK9
chr1,55416932,rs7524677,PCSK9
chr1,55416953,rs7547776,PCSK9
chr1,55416974,rs7524689,PCSK9
chr1,55417024,rs7524783,PCSK9
chr1,55417370,rs7519299,PCSK9
chr1,55417595,rs11206481,PCSK9
chr1,55417988,rs12141474,PCSK9
chr1,55417989,rs12141475,PCSK9
chr1,55418077,rs114940101,PCSK9
chr1,55418078,rs118118137,PCSK9
chr1,55418248,rs7530321,PCSK9
chr1,55418263,rs7520033,PCSK9
chr1,55418278,rs7553410,PCSK9
chr1,55418976,rs6701789,PCSK9
chr1,55419855,rs11206482,PCSK9
chr1,55420119,rs11206483,PCSK9
chr1,55420123,rs11206484,PCSK9
chr1,55420337,rs1035816,PCSK9
chr1,55420929,rs1035817,PCSK9
chr1,55421312,rs117086710,PCSK9
chr1,55421431,rs141566279,PCSK9
chr1,55421445,rs11206485,PCSK9
chr1,55421742,rs10888890,PCSK9
chr1,55422254,rs2114574,PCSK9
chr1,55422274,rs11206486,PCSK9
chr1,55423011,rs11206487,PCSK9
chr1,55423040,rs200355802,PCSK9
chr1,55423047,rs12745865,PCSK9
chr1,55423064,rs12725873,PCSK9
chr1,55423088,rs12745883,PCSK9
chr1,55423233,rs10218658,PCSK9
chr1,55423422,rs568958625,PCSK9
chr1,55423790,rs6664660,PCSK9
chr1,55424067,rs12059490,PCSK9
chr1,55424178,rs6588539,PCSK9
chr1,55424349,rs7524899,PCSK9
chr1,55424599,rs11206489,PCSK9
chr1,55424613,rs13375783,PCSK9
chr1,55424745,rs6668051,PCSK9
chr1,55424836,rs187077268,PCSK9
chr1,55425107,rs117225033,PCSK9
chr1,55425476,rs10218512,PCSK9
chr1,55425901,rs11206492,PCSK9
chr1,55426156,rs187724211,PCSK9
chr1,55426157,rs192703236,PCSK9
chr1,55426377,rs4634950,PCSK9
chr1,55426441,rs7539163,PCSK9
chr1,55426524,rs117616413,PCSK9
chr1,55426837,rs7529244,PCSK9
chr1,55427246,rs10888891,PCSK9
chr1,55427318,rs2081708,PCSK9
chr1,55427710,rs6689328,PCSK9
chr1,55427833,rs12145624,PCSK9
chr1,55427857,rs180687794,PCSK9
chr1,55427911,rs6681189,PCSK9
chr1,55428304,rs12724445,PCSK9
chr1,55428397,rs7523658,PCSK9
chr1,55428534,rs7523753,PCSK9
chr1,55428574,rs7537797,PCSK9
chr1,55429116,rs2317944,PCSK9
chr1,55429225,rs2317945,PCSK9
chr1,55429305,rs117702723,PCSK9
chr1,55429362,rs6687414,PCSK9
chr1,55429577,rs7526901,PCSK9
chr1,55429788,rs7538808,PCSK9
chr1,55429898,rs7541343,PCSK9
chr1,55430371,rs7551637,PCSK9
chr1,55430388,rs7544014,PCSK9
chr1,55430393,rs7541622,PCSK9
chr1,55430634,rs7551937,PCSK9
chr1,55431003,rs2317947,PCSK9
chr1,55431050,rs2081709,PCSK9
chr1,55431286,rs2081710,PCSK9
chr1,55431601,rs1076528,PCSK9
chr1,55431933,rs12043403,PCSK9
chr1,55431981,rs75140653,PCSK9
chr1,55432125,rs759913,PCSK9
chr1,55432684,rs11206494,PCSK9
chr1,55432798,rs7531509,PCSK9
chr1,55432828,rs7519853,PCSK9
chr1,55433157,rs7522453,PCSK9
chr1,55433165,rs75520515,PCSK9
chr1,55433300,rs7536667,PCSK9
chr1,55433843,rs12408192,PCSK9
chr1,55433964,rs7534872,PCSK9
chr1,55434003,rs12408454,PCSK9
chr1,55434216,rs11206495,PCSK9
chr1,55434443,rs2317948,PCSK9
chr1,55434507,rs2317949,PCSK9
chr1,55434514,rs2317950,PCSK9
chr1,55434539,rs137883697,PCSK9
chr1,55434648,rs2317951,PCSK9
chr1,55434743,rs2317952,PCSK9
chr1,55435370,rs7528991,PCSK9
chr1,55435487,rs28728118,PCSK9
chr1,55435586,rs11206496,PCSK9
chr1,55435971,rs12117612,PCSK9
chr1,55436061,rs7541287,PCSK9
chr1,55436105,rs7545905,PCSK9
chr1,55436184,rs7531998,PCSK9
chr1,55436493,rs7532349,PCSK9
chr1,55436790,rs11206497,PCSK9
chr1,55437104,rs11206498,PCSK9
chr1,55438517,rs77498878,PCSK9
chr1,55438925,rs11206499,PCSK9
chr1,55440563,rs117089832,PCSK9
chr1,55440639,rs2059686,PCSK9
chr1,55440822,rs150887069,PCSK9
chr1,55440867,rs12126037,PCSK9
chr1,55441040,rs1544909,PCSK9
chr1,55441105,rs1544911,PCSK9
chr1,55441833,rs117885513,PCSK9
chr1,55442132,rs12073137,PCSK9
chr1,55442272,rs2495520,PCSK9
chr1,55442357,rs12062838,PCSK9
chr1,55442451,rs71637882,PCSK9
chr1,55443519,rs2433672,PCSK9
chr1,55443605,rs2433673,PCSK9
chr1,55445065,rs2059687,PCSK9
chr1,55445123,rs2059688,PCSK9
chr1,55445286,rs2059689,PCSK9
chr1,55445508,rs372085174,PCSK9
chr1,55445562,rs2500321,PCSK9
chr1,55445613,rs2433674,PCSK9
chr1,55445918,rs117472046,PCSK9
chr1,55445958,rs1863669,PCSK9
chr1,55445992,rs2495519,PCSK9
chr1,55446083,rs2500322,PCSK9
chr1,55446373,rs2253476,PCSK9
chr1,55446664,rs2253467,PCSK9
chr1,55446671,rs2253466,PCSK9
chr1,55446697,rs2253465,PCSK9
chr1,55447270,rs1549564,PCSK9
chr1,55447704,rs77055261,PCSK9
chr1,55447966,rs2495518,PCSK9
chr1,55447978,rs2098967,PCSK9
chr1,55448053,rs2433675,PCSK9
chr1,55448414,rs1025239,PCSK9
chr1,55448782,rs200147176,PCSK9
chr1,55448795,rs2317953,PCSK9
chr1,55448842,rs2495517,PCSK9
chr1,55449273,rs1015979,PCSK9
chr1,55449317,rs1015980,PCSK9
chr1,55449618,rs2495516,PCSK9
chr1,55449863,rs1035818,PCSK9
chr1,55450155,rs1035819,PCSK9
chr1,55450221,rs1035820,PCSK9
chr1,55450894,rs2433676,PCSK9
chr1,55450941,rs565695032,PCSK9
chr1,55451005,rs150508118,PCSK9
chr1,55451062,rs2433677,PCSK9
chr1,55451483,rs2500323,PCSK9
chr1,55451564,rs2500324,PCSK9
chr1,55451872,rs3737832,PCSK9
chr1,55452897,rs890576,PCSK9
chr1,55453144,rs75627345,PCSK9
chr1,55455144,rs2495515,PCSK9
chr1,55455675,rs79365581,PCSK9
chr1,55456039,rs116057471,PCSK9
chr1,55456196,rs192581690,PCSK9
chr1,55456330,rs2249497,PCSK9
chr1,55456436,rs2249491,PCSK9
chr1,55456442,rs2249490,PCSK9
chr1,55456453,rs2249484,PCSK9
chr1,55456536,rs2249480,PCSK9
chr1,55456742,rs117980360,PCSK9
chr1,55456760,rs2249468,PCSK9
chr1,55456930,rs2495514,PCSK9
chr1,55456996,rs2433678,PCSK9
chr1,55457337,rs2500325,PCSK9
chr1,55457710,rs2500326,PCSK9
chr1,55457815,rs2495513,PCSK9
chr1,55458143,rs2500327,PCSK9
chr1,55458275,rs2075393,PCSK9
chr1,55458691,rs2500329,PCSK9
chr1,55458853,rs2500330,PCSK9
chr1,55459155,rs78606903,PCSK9
chr1,55459316,rs371243112,PCSK9
chr1,55459484,rs10888892,PCSK9
chr1,55459535,rs112304974,PCSK9
chr1,55459685,rs113783699,PCSK9
chr1,55459758,rs9436501,PCSK9
chr1,55459775,rs9436502,PCSK9
chr1,55459792,rs9436503,PCSK9
chr1,55459937,rs2500331,PCSK9
chr1,55460191,rs2500332,PCSK9
chr1,55460207,rs2500333,PCSK9
chr1,55460257,rs2495486,PCSK9
chr1,55460736,rs1003323,PCSK9
chr1,55461083,rs2495485,PCSK9
chr1,55461084,rs2500334,PCSK9
chr1,55461494,rs2500335,PCSK9
chr1,55461680,rs2495484,PCSK9
chr1,55461796,rs2500336,PCSK9
chr1,55462380,rs9887913,PCSK9
chr1,55462513,rs1549565,PCSK9
chr1,55463086,rs11206502,PCSK9
chr1,55463381,rs35428954,PCSK9
chr1,55463570,rs17111412,PCSK9
chr1,55463860,rs1003769,PCSK9
chr1,55464114,rs1003768,PCSK9
chr1,55464320,rs1003767,PCSK9
chr1,55464412,rs2500338,PCSK9
chr1,55464511,rs2500339,PCSK9
chr1,55464599,rs78592338,PCSK9
chr1,55464619,rs12069526,PCSK9
chr1,55464743,rs2500340,PCSK9
chr1,55464790,rs2500341,PCSK9
chr1,55464986,rs34561376,PCSK9
chr1,55465047,rs78904893,PCSK9
chr1,55465555,rs117378694,PCSK9
chr1,55465594,rs759914,PCSK9
chr1,55465797,rs759915,PCSK9
chr1,55466092,rs2500342,PCSK9
chr1,55466134,rs77674915,PCSK9
chr1,55466592,rs75141404,PCSK9
chr1,55468040,rs72660515,PCSK9
chr1,55468245,rs58918015,PCSK9
chr1,55468639,rs112060418,PCSK9
chr1,55468919,rs76845979,PCSK9
chr1,55470200,rs4927185,PCSK9
chr1,55470822,rs41297879,PCSK9
chr1,55471299,rs9661809,PCSK9
chr1,55471468,rs9662946,PCSK9
chr1,55471478,rs117381234,PCSK9
chr1,55471769,rs12077294,PCSK9
chr1,55472365,rs4927186,PCSK9
chr1,55473008,rs548152750,PCSK9
chr1,55473043,rs6687801,PCSK9
chr1,55474325,rs6682884,PCSK9
chr1,55474476,rs4339899,PCSK9
chr1,55474679,rs2864124,PCSK9
chr1,55474772,rs12134118,PCSK9
chr1,55474938,rs2479402,PCSK9
chr1,55474992,rs142120679,PCSK9
chr1,55475104,rs2495512,PCSK9
chr1,55475483,rs2015721,PCSK9
chr1,55475626,rs7540038,PCSK9
chr1,55475888,rs943645,PCSK9
chr1,55475966,rs6588543,PCSK9
chr1,55476178,rs2495511,PCSK9
chr1,55476488,rs74072615,PCSK9
chr1,55476663,rs77499761,PCSK9
chr1,55476822,rs17111454,PCSK9
chr1,55477327,rs2495510,PCSK9
chr1,55477477,rs117684965,PCSK9
chr1,55477601,rs12072934,PCSK9
chr1,55477635,rs10888894,PCSK9
chr1,55477821,rs12093385,PCSK9
chr1,55478147,rs2495509,PCSK9
chr1,55478188,rs2479399,PCSK9
chr1,55478678,rs2495508,PCSK9
chr1,55479106,rs12095947,PCSK9
chr1,55479131,rs74804885,PCSK9
chr1,55479198,rs12075602,PCSK9
chr1,55479967,rs17111474,PCSK9
chr1,55480211,rs2182832,PCSK9
chr1,55480247,rs138907762,PCSK9
chr1,55480374,rs2149039,PCSK9
chr1,55480504,rs2149038,PCSK9
chr1,55481104,rs2864123,PCSK9
chr1,55481116,rs2149037,PCSK9
chr1,55481748,rs2479397,PCSK9
chr1,55481769,rs2495506,PCSK9
chr1,55481832,rs17111479,PCSK9
chr1,55482091,rs2479396,PCSK9
chr1,55483598,rs943644,PCSK9
chr1,55483881,rs2009185,PCSK9
chr1,55484015,rs76096579,PCSK9
chr1,55484374,rs79939601,PCSK9
chr1,55484582,rs2479395,PCSK9
chr1,55484810,rs2495505,PCSK9
chr1,55485098,rs17111483,PCSK9
chr1,55485796,rs2495504,PCSK9
chr1,55485906,rs183448989,PCSK9
chr1,55485917,rs2495503,PCSK9
chr1,55486064,rs2479394,PCSK9
chr1,55486206,rs2495502,PCSK9
chr1,55486242,rs79301711,PCSK9
chr1,55487028,rs149163517,PCSK9
chr1,55487082,rs2495501,PCSK9
chr1,55487346,rs12117661,PCSK9
chr1,55487634,rs1887552,PCSK9
chr1,55487648,rs11588151,PCSK9
chr1,55487668,rs2495500,PCSK9
chr1,55488035,rs79519388,PCSK9
chr1,55488062,rs80224698,PCSK9
chr1,55488181,rs112829958,PCSK9
chr1,55488369,rs2479393,PCSK9
chr1,55488431,rs143953913,PCSK9
chr1,55488538,rs61771987,PCSK9
chr1,55488611,rs2479392,PCSK9
chr1,55488690,rs2479391,PCSK9
chr1,55488831,rs9436961,PCSK9
chr1,55488989,rs12739506,PCSK9
chr1,55489082,rs12739394,PCSK9
chr1,55489387,rs4927188,PCSK9
chr1,55489485,rs4927189,PCSK9
chr1,55489542,rs34232196,PCSK9
chr1,55489660,rs2986946,PCSK9
chr1,55489851,rs201210701,PCSK9
chr1,55489960,rs3976734,PCSK9
chr1,55490176,rs12046679,PCSK9
chr1,55490318,rs149790879,PCSK9
chr1,55490346,rs145395831,PCSK9
chr1,55490356,rs113675231,PCSK9
chr1,55490624,rs142662971,PCSK9
chr1,55490759,rs201292744,PCSK9
chr1,55490861,rs201732208,PCSK9
chr1,55491080,rs377597739,PCSK9
chr1,55491131,rs28865065,PCSK9
chr1,55491135,rs556369867,PCSK9
chr1,55491161,rs28775984,PCSK9
chr1,55491196,rs28848281,PCSK9
chr1,55491199,rs28888716,PCSK9
chr1,55491307,rs28806906,PCSK9
chr1,55491448,rs2986942,PCSK9
chr1,55491571,rs4927190,PCSK9
chr1,55491702,rs4927191,PCSK9
chr1,55491780,rs200159426,PCSK9
chr1,55491851,rs199717562,PCSK9
chr1,55491853,rs200730299,PCSK9
chr1,55491915,rs187607506,PCSK9
chr1,55492033,rs60228221,PCSK9
chr1,55492034,rs57498787,PCSK9
chr1,55492050,rs540953123,PCSK9
chr1,55492053,rs191886003,PCSK9
chr1,55492054,rs150798902,PCSK9
chr1,55492083,rs59784135,PCSK9
chr1,55492190,rs2479420,PCSK9
chr1,55492560,rs117556001,PCSK9
chr1,55492603,rs149521146,PCSK9
chr1,55492632,rs144036322,PCSK9
chr1,55492816,rs2986947,PCSK9
chr1,55493095,rs148969454,PCSK9
chr1,55493584,rs4609471,PCSK9
chr1,55493674,rs187758512,PCSK9
chr1,55493790,rs150042541,PCSK9
chr1,55493814,rs146602281,PCSK9
chr1,55493816,rs141331308,PCSK9
chr1,55494017,rs12748266,PCSK9
chr1,55494036,rs61313226,PCSK9
chr1,55494039,rs2479419,PCSK9
chr1,55494301,rs72909541,PCSK9
chr1,55494682,rs2495499,PCSK9
chr1,55494735,rs3001844,PCSK9
chr1,55494877,rs2479418,PCSK9
chr1,55494930,rs115002106,PCSK9
chr1,55495308,rs181895082,PCSK9
chr1,55495363,rs2495498,PCSK9
chr1,55495744,rs2479417,PCSK9
chr1,55495995,rs2495497,PCSK9
chr1,55496039,rs11206510,PCSK9
chr1,55496176,rs17111490,PCSK9
chr1,55496449,rs2495496,PCSK9
chr1,55496556,rs2495495,PCSK9
chr1,55496558,rs2479416,PCSK9
chr1,55496648,rs12739979,PCSK9
chr1,55496861,rs11810371,PCSK9
chr1,55496919,rs114768998,PCSK9
chr1,55497136,rs2495494,PCSK9
chr1,55497302,rs2094470,PCSK9
chr1,55497980,rs3001845,PCSK9
chr1,55498194,rs111421430,PCSK9
chr1,55498212,rs2495492,PCSK9
chr1,55498428,rs2495491,PCSK9
chr1,55498508,rs146155956,PCSK9
chr1,55498543,rs2495490,PCSK9
chr1,55498745,rs2479415,PCSK9
chr1,55498798,rs7523141,PCSK9
chr1,55498864,rs2495489,PCSK9
chr1,55498949,rs7523242,PCSK9
chr1,55498982,rs77406753,PCSK9
chr1,55499156,rs7525649,PCSK9
chr1,55499162,rs55958021,PCSK9
chr1,55499519,rs79224150,PCSK9
chr1,55499582,rs77947184,PCSK9
chr1,55499814,rs77877770,PCSK9
chr1,55499940,rs12404395,PCSK9
chr1,55500025,rs2479404,PCSK9
chr1,55500169,rs2479405,PCSK9
chr1,55500206,rs2495488,PCSK9
chr1,55500429,rs2182833,PCSK9
chr1,55500706,rs17111495,PCSK9
chr1,55500976,rs10788994,PCSK9
chr1,55502137,rs2149041,PCSK9
chr1,55502672,rs2479406,PCSK9
chr1,55502693,rs2495487,PCSK9
chr1,55502696,rs2479407,PCSK9
chr1,55503258,rs144254692,PCSK9
chr1,55503448,rs17111503,PCSK9
chr1,55504586,rs41294819,PCSK9
chr1,55504650,rs2479409,PCSK9
chr1,55505447,rs45448095,PCSK9
chr1,55505668,rs11583680,PCSK9
chr1,55505732,rs2495482,PCSK9
chr1,55505804,rs28385702,PCSK9
chr1,55505861,rs2479410,PCSK9
chr1,55505926,rs11583723,PCSK9
chr1,55506103,rs28385704,PCSK9
chr1,55507356,rs28385706,PCSK9
chr1,55507649,rs11206513,PCSK9
chr1,55507882,rs6681159,PCSK9
chr1,55508186,rs2495481,PCSK9
chr1,55509213,rs10888896,PCSK9
chr1,55509355,rs2495480,PCSK9
chr1,55509585,rs151193009,PCSK9
chr1,55509644,rs79805678,PCSK9
chr1,55509872,rs4927193,PCSK9
chr1,55509900,rs2479411,PCSK9
chr1,55509939,rs4275490,PCSK9
chr1,55510015,rs74700387,PCSK9
chr1,55510971,rs45530931,PCSK9
chr1,55511068,rs2495479,PCSK9
chr1,55511471,rs7530425,PCSK9
chr1,55511995,rs644000,PCSK9
chr1,55512549,rs499718,PCSK9
chr1,55512995,rs2495478,PCSK9
chr1,55513061,rs10888897,PCSK9
chr1,55513183,rs41294821,PCSK9
chr1,55513603,rs558449478,PCSK9
chr1,55513725,rs531701,PCSK9
chr1,55513995,rs139543111,PCSK9
chr1,55514046,rs534473,PCSK9
chr1,55514073,rs2479412,PCSK9
chr1,55514182,rs535471,PCSK9
chr1,55514215,rs557211,PCSK9
chr1,55514519,rs12028752,PCSK9
chr1,55515481,rs7543163,PCSK9
chr1,55515537,rs479832,PCSK9
chr1,55516004,rs11206514,PCSK9
chr1,55516188,rs11206515,PCSK9
chr1,55516385,rs191181573,PCSK9
chr1,55516508,rs10888898,PCSK9
chr1,55516674,rs28362237,PCSK9
chr1,55516713,rs7546522,PCSK9
chr1,55516738,rs140911969,PCSK9
chr1,55517301,rs45576433,PCSK9
chr1,55517344,rs572512,PCSK9
chr1,55517861,rs613855,PCSK9
chr1,55517883,rs624612,PCSK9
chr1,55517940,rs11800231,PCSK9
chr1,55518093,rs11800243,PCSK9
chr1,55518160,rs11806638,PCSK9
chr1,55518166,rs625619,PCSK9
chr1,55518197,rs536037529,PCSK9
chr1,55518198,rs7552350,PCSK9
chr1,55518287,rs11800265,PCSK9
chr1,55518316,rs2483205,PCSK9
chr1,55518467,rs2495477,PCSK9
chr1,55518528,rs494198,PCSK9
chr1,55518622,rs45613943,PCSK9
chr1,55518682,rs2479413,PCSK9
chr1,55518752,rs7552841,PCSK9
chr1,55518791,rs79512647,PCSK9
chr1,55518828,rs58255540,PCSK9
chr1,55519015,rs639750,PCSK9
chr1,55519068,rs41294825,PCSK9
chr1,55519174,rs499883,PCSK9
chr1,55519231,rs45545732,PCSK9
chr1,55519238,rs521662,PCSK9
chr1,55519971,rs7533186,PCSK9
chr1,55520212,rs1165287,PCSK9
chr1,55520265,rs634272,PCSK9
chr1,55520408,rs553741,PCSK9
chr1,55520445,rs11804420,PCSK9
chr1,55520474,rs148142685,PCSK9
chr1,55520864,rs557435,PCSK9
chr1,55521109,rs693668,PCSK9
chr1,55521195,rs12136600,PCSK9
chr1,55521242,rs471705,PCSK9
chr1,55521274,rs149253579,PCSK9
chr1,55521313,rs472495,PCSK9
chr1,55521352,rs11808052,PCSK9
chr1,55522083,rs45598138,PCSK9
chr1,55522141,rs479910,PCSK9
chr1,55522425,rs7525407,PCSK9
chr1,55522558,rs7525503,PCSK9
chr1,55523984,rs584626,PCSK9
chr1,55524116,rs585131,PCSK9
chr1,55524197,rs540796,PCSK9
chr1,55524237,rs562556,PCSK9
chr1,55524387,rs563641,PCSK9
chr1,55524601,rs565436,PCSK9
chr1,55524816,rs45490396,PCSK9
chr1,55524842,rs568052,PCSK9
chr1,55524981,rs117389879,PCSK9
chr1,55525399,rs45439391,PCSK9
chr1,55525400,rs483462,PCSK9
chr1,55525868,rs603247,PCSK9
chr1,55526296,rs615563,PCSK9
chr1,55526428,rs11206517,PCSK9
chr1,55526685,rs516499,PCSK9
chr1,55526840,rs41297885,PCSK9
chr1,55527323,rs630431,PCSK9
chr1,55527479,rs631220,PCSK9
chr1,55527918,rs643257,PCSK9
chr1,55528377,rs75266432,PCSK9
chr1,55528629,rs12067569,PCSK9
chr1,55528807,rs10465832,PCSK9
chr1,55529187,rs505151,PCSK9
chr1,55529489,rs145330737,PCSK9
chr1,55529828,rs662145,PCSK9
chr1,55530573,rs77013485,PCSK9
chr1,55531136,rs597387,PCSK9
chr1,55531528,rs41294827,PCSK9
chr1,55532742,rs13312,PCSK9
chr1,55533811,rs1043671,PCSK9
chr1,55536159,rs77868073,PCSK9
chr1,55537474,rs76967079,PCSK9
chr1,55538552,rs10493176,PCSK9
chr1,55538903,rs1752394,PCSK9
chr1,55540326,rs12079951,PCSK9
chr1,55540709,rs76583238,PCSK9
chr1,55541050,rs2297564,PCSK9
chr1,55541174,rs487230,PCSK9
chr1,55541803,rs140335820,PCSK9
chr1,55543079,rs56235208,PCSK9
chr1,55543099,rs55703807,PCSK9
chr1,55543691,rs79497232,PCSK9
chr1,55545447,rs117490845,PCSK9
chr1,55545515,rs550336,PCSK9
chr1,55546696,rs17111584,PCSK9
chr1,55546895,rs683880,PCSK9
chr1,55547136,rs12031876,PCSK9
chr1,55547451,rs74928719,PCSK9
chr1,55549374,rs6588545,PCSK9
chr1,55552273,rs72911441,PCSK9
chr1,55553104,rs555687,PCSK9
chr1,55553210,rs77333170,PCSK9
chr1,55554996,rs77536801,PCSK9
chr1,55555285,rs548852,PCSK9
chr1,55556428,rs1165285,PCSK9
chr1,55556672,rs191809742,PCSK9
chr1,55557067,rs1165284,PCSK9
chr1,55557540,rs667353,PCSK9
chr1,55557864,rs3736992,PCSK9
chr1,55558661,rs585203,PCSK9
chr1,55559129,rs74930246,PCSK9
chr1,55559154,rs74787363,PCSK9
chr1,55560401,rs507143,PCSK9
chr1,55560796,rs503495,PCSK9
chr1,55562022,rs76844953,PCSK9
chr1,55563203,rs140771519,PCSK9
chr1,55564026,rs2274539,PCSK9
chr1,55564984,rs147265281,PCSK9
chr1,55569440,rs2274538,PCSK9
chr1,55571703,rs182264748,PCSK9
chr1,55572867,rs594226,PCSK9
chr1,55574364,rs567734,PCSK9
chr1,55574599,rs61176209,PCSK9
chr1,55575179,rs78235946,PCSK9
chr1,55575670,rs534741,PCSK9
chr1,55576145,rs74929709,PCSK9
chr1,55577532,rs76591635,PCSK9
chr1,55577596,rs116240760,PCSK9
chr1,55578259,rs141430256,PCSK9
chr1,55579355,rs471178,PCSK9
chr1,55580930,rs621852,PCSK9
chr1,55581025,rs149161867,PCSK9
chr1,55581037,rs201743658,PCSK9
chr1,55581620,rs497515,PCSK9
chr1,55582735,rs76997863,PCSK9
chr1,55583229,rs372918085,PCSK9
chr1,55583601,rs189914102,PCSK9
chr1,55585718,rs544514,PCSK9
chr1,55588142,rs79396670,PCSK9
chr1,55588489,rs78042683,PCSK9
chr1,55588868,rs74330634,PCSK9
chr1,55589046,rs75333918,PCSK9
chr1,55590015,rs67171713,PCSK9
chr1,55590348,rs41302792,PCSK9
chr1,55590465,rs17111652,PCSK9
chr1,55590828,rs502793,PCSK9
chr1,55591283,rs17111657,PCSK9
chr1,55593331,rs184190667,PCSK9
chr1,55593461,rs147153704,PCSK9
chr1,55593520,rs567966,PCSK9
chr1,55593546,rs640238,PCSK9
chr1,55594777,rs118171424,PCSK9
chr1,55595001,rs181331497,PCSK9
chr1,55596001,rs118091437,PCSK9
chr1,55596297,rs372720331,PCSK9
chr1,55596587,rs1475702,PCSK9
chr1,55596716,rs1475703,PCSK9
chr1,55596797,rs187691542,PCSK9
chr1,55598546,rs77029112,PCSK9
chr1,55600330,rs117044951,PCSK9
chr1,55601339,rs12031153,PCSK9
chr1,55602097,rs117474278,PCSK9
chr1,55602906,rs78043319,PCSK9
chr1,55603184,rs185201791,PCSK9
chr1,55605070,rs79587983,PCSK9
chr1,55605395,rs57357765,PCSK9
chr1,55606426,rs76376521,PCSK9
chr1,55608005,rs1165226,PCSK9
chr1,55609989,rs116935990,PCSK9
chr1,55610424,rs148816137,PCSK9
chr1,55615979,rs145135130,PCSK9
chr1,55616754,rs1165227,PCSK9
chr1,55618518,rs116852197,PCSK9
chr1,55618772,rs117677800,PCSK9
chr1,55619422,rs1165230,PCSK9
chr1,55620982,rs181125470,PCSK9
chr1,55621947,rs1165231,PCSK9
chr1,55623368,rs185324751,PCSK9
chr1,55623374,rs1165233,PCSK9
chr1,55623632,rs1165234,PCSK9
chr1,55623669,rs1165235,PCSK9
chr1,55623757,rs12138592,PCSK9
chr1,55626676,rs17111688,PCSK9
chr1,55627525,rs17111689,PCSK9
chr1,55627974,rs183858768,PCSK9
chr1,55629024,rs142248978,PCSK9
chr1,55629716,rs1572035,PCSK9
chr1,55630151,rs6663252,PCSK9
chr1,55630204,rs1024305,PCSK9
chr1,55630347,rs74492184,PCSK9
chr8,19659392,rs11786327,LPL
chr8,19659499,rs3855754,LPL
chr8,19659543,rs62496731,LPL
chr8,19660056,rs2083639,LPL
chr8,19660212,rs2083640,LPL
chr8,19660217,rs2083641,LPL
chr8,19660278,rs67989257,LPL
chr8,19660822,rs28751038,LPL
chr8,19661031,rs7819003,LPL
chr8,19661883,rs2898491,LPL
chr8,19661930,rs7010174,LPL
chr8,19661937,rs7011322,LPL
chr8,19662162,rs17482110,LPL
chr8,19662233,rs17091510,LPL
chr8,19662498,rs7012358,LPL
chr8,19662603,rs74304277,LPL
chr8,19662732,rs7012694,LPL
chr8,19662881,rs60937267,LPL
chr8,19662937,rs79153732,LPL
chr8,19663339,rs920587,LPL
chr8,19663449,rs4921678,LPL
chr8,19663455,rs79401638,LPL
chr8,19663979,rs77107434,LPL
chr8,19664010,rs17091519,LPL
chr8,19664490,rs1826418,LPL
chr8,19664668,rs1907799,LPL
chr8,19664732,rs17091528,LPL
chr8,19664852,rs1817836,LPL
chr8,19664878,rs1826420,LPL
chr8,19665044,rs78728876,LPL
chr8,19665214,rs35280191,LPL
chr8,19665351,rs4922104,LPL
chr8,19665616,rs35896770,LPL
chr8,19665918,rs114179808,LPL
chr8,19666229,rs12542375,LPL
chr8,19666463,rs75479936,LPL
chr8,19666645,rs7461774,LPL
chr8,19667075,rs75939150,LPL
chr8,19667308,rs4398934,LPL
chr8,19668430,rs59565447,LPL
chr8,19668791,rs141940319,LPL
chr8,19668853,rs139636780,LPL
chr8,19668866,rs79209633,LPL
chr8,19669198,rs3899017,LPL
chr8,19669333,rs6982084,LPL
chr8,19669468,rs59259846,LPL
chr8,19669503,rs10283069,LPL
chr8,19669959,rs13280085,LPL
chr8,19670088,rs57837509,LPL
chr8,19670214,rs61180388,LPL
chr8,19670651,rs17091534,LPL
chr8,19670848,rs57462676,LPL
chr8,19670881,rs13258148,LPL
chr8,19671104,rs6993525,LPL
chr8,19671334,rs7823457,LPL
chr8,19671419,rs6586868,LPL
chr8,19671727,rs9325863,LPL
chr8,19671920,rs60882782,LPL
chr8,19672039,rs10111059,LPL
chr8,19672040,rs10092840,LPL
chr8,19673750,rs10090638,LPL
chr8,19673973,rs3758060,LPL
chr8,19674033,rs3758061,LPL
chr8,19674725,rs28413168,LPL
chr8,19676589,rs7832638,LPL
chr8,19676992,rs78655736,LPL
chr8,19677915,rs7822495,LPL
chr8,19678314,rs2278615,LPL
chr8,19678917,rs60369789,LPL
chr8,19678919,rs77037213,LPL
chr8,19678967,rs6981306,LPL
chr8,19679163,rs6981674,LPL
chr8,19679449,rs7005767,LPL
chr8,19680259,rs60329942,LPL
chr8,19680562,rs6986456,LPL
chr8,19680635,rs4392917,LPL
chr8,19680736,rs12547934,LPL
chr8,19680979,rs4464983,LPL
chr8,19681647,rs2410612,LPL
chr8,19681895,rs3853254,LPL
chr8,19681933,rs3927029,LPL
chr8,19682545,rs3816246,LPL
chr8,19682577,rs6997363,LPL
chr8,19682592,rs7018076,LPL
chr8,19682698,rs7018235,LPL
chr8,19682776,rs6984144,LPL
chr8,19682935,rs12334855,LPL
chr8,19683622,rs2410613,LPL
chr8,19683668,rs2410614,LPL
chr8,19684414,rs10112790,LPL
chr8,19684745,rs10113140,LPL
chr8,19685181,rs36024754,LPL
chr8,19685258,rs80239041,LPL
chr8,19685770,rs79550636,LPL
chr8,19685909,rs7017697,LPL
chr8,19685948,rs6980875,LPL
chr8,19686177,rs11777843,LPL
chr8,19686315,rs76769796,LPL
chr8,19686385,rs10092772,LPL
chr8,19686773,rs80237338,LPL
chr8,19686863,rs10103937,LPL
chr8,19687620,rs76822397,LPL
chr8,19687684,rs3213914,LPL
chr8,19687754,rs200875073,LPL
chr8,19688434,rs111386636,LPL
chr8,19688616,rs13278049,LPL
chr8,19688632,rs9644635,LPL
chr8,19688665,rs13274950,LPL
chr8,19689058,rs7819535,LPL
chr8,19689123,rs7835372,LPL
chr8,19689633,rs4434638,LPL
chr8,19689821,rs4615593,LPL
chr8,19690038,rs7839968,LPL
chr8,19691140,rs1561749,LPL
chr8,19691250,rs4922106,LPL
chr8,19691377,rs11204078,LPL
chr8,19691603,rs4922107,LPL
chr8,19691796,rs11994564,LPL
chr8,19691926,rs55896328,LPL
chr8,19692026,rs2934,LPL
chr8,19692273,rs117136325,LPL
chr8,19692781,rs1316738,LPL
chr8,19692904,rs7838750,LPL
chr8,19692976,rs10101725,LPL
chr8,19693413,rs9987141,LPL
chr8,19694044,rs11985584,LPL
chr8,19696988,rs79538976,LPL
chr8,19698542,rs80338231,LPL
chr8,19699191,rs34564004,LPL
chr8,19699236,rs35843228,LPL
chr8,19700014,rs34311148,LPL
chr8,19700244,rs115468458,LPL
chr8,19701068,rs117360767,LPL
chr8,19701865,rs77200233,LPL
chr8,19702001,rs4268139,LPL
chr8,19703996,rs58132067,LPL
chr8,19704682,rs10112589,LPL
chr8,19704859,rs10112736,LPL
chr8,19706172,rs4520184,LPL
chr8,19707169,rs7812549,LPL
chr8,19707656,rs10888174,LPL
chr8,19709575,rs4599828,LPL
chr8,19709775,rs6586870,LPL
chr8,19710388,rs4922108,LPL
chr8,19710423,rs4921679,LPL
chr8,19710468,rs4244456,LPL
chr8,19710867,rs4922109,LPL
chr8,19711294,rs7823197,LPL
chr8,19711958,rs7827599,LPL
chr8,19712564,rs6998248,LPL
chr8,19714106,rs6586871,LPL
chr8,19714880,rs4922110,LPL
chr8,19715236,rs6586872,LPL
chr8,19715601,rs28607675,LPL
chr8,19715750,rs28560352,LPL
chr8,19715970,rs28625628,LPL
chr8,19716163,rs28413777,LPL
chr8,19716431,rs112329866,LPL
chr8,19716575,rs145918482,LPL
chr8,19716680,rs189714224,LPL
chr8,19717084,rs150729247,LPL
chr8,19717091,rs6586874,LPL
chr8,19717563,rs4921680,LPL
chr8,19717573,rs56373382,LPL
chr8,19718922,rs75625499,LPL
chr8,19719054,rs62500073,LPL
chr8,19719603,rs57077102,LPL
chr8,19720395,rs2119693,LPL
chr8,19720622,rs13265185,LPL
chr8,19720833,rs10096561,LPL
chr8,19721072,rs77903325,LPL
chr8,19721527,rs79987706,LPL
chr8,19721674,rs74872307,LPL
chr8,19722431,rs79213504,LPL
chr8,19722555,rs11204079,LPL
chr8,19722560,rs11998681,LPL
chr8,19722870,rs150639794,LPL
chr8,19722874,rs147882708,LPL
chr8,19722903,rs151203088,LPL
chr8,19722922,rs78382464,LPL
chr8,19723503,rs2044061,LPL
chr8,19723591,rs6989767,LPL
chr8,19723883,rs11774936,LPL
chr8,19724337,rs2218257,LPL
chr8,19724400,rs13267032,LPL
chr8,19724536,rs10111929,LPL
chr8,19724611,rs4922111,LPL
chr8,19725800,rs201711758,LPL
chr8,19725994,rs77953561,LPL
chr8,19726130,rs767145,LPL
chr8,19726167,rs141159125,LPL
chr8,19726227,rs78393001,LPL
chr8,19726700,rs56082151,LPL
chr8,19726742,rs6988864,LPL
chr8,19727047,rs1441778,LPL
chr8,19727447,rs11986182,LPL
chr8,19727569,rs17091574,LPL
chr8,19727932,rs7828612,LPL
chr8,19728586,rs7003579,LPL
chr8,19728815,rs4518684,LPL
chr8,19729415,rs1031046,LPL
chr8,19729605,rs1441779,LPL
chr8,19729681,rs146500854,LPL
chr8,19730400,rs958615,LPL
chr8,19731107,rs4921682,LPL
chr8,19731375,rs7821631,LPL
chr8,19732121,rs4922112,LPL
chr8,19732374,rs74549553,LPL
chr8,19732587,rs28625109,LPL
chr8,19733106,rs10098182,LPL
chr8,19733568,rs1561747,LPL
chr8,19734629,rs1548049,LPL
chr8,19734916,rs7818070,LPL
chr8,19734951,rs4922113,LPL
chr8,19735126,rs147091937,LPL
chr8,19735616,rs7012719,LPL
chr8,19735624,rs10106796,LPL
chr8,19735704,rs7008767,LPL
chr8,19735817,rs138464270,LPL
chr8,19736462,rs74383902,LPL
chr8,19736877,rs76096567,LPL
chr8,19737157,rs2197088,LPL
chr8,19737279,rs1441767,LPL
chr8,19737592,rs75070501,LPL
chr8,19737862,rs59189240,LPL
chr8,19738102,rs6586875,LPL
chr8,19738260,rs6586876,LPL
chr8,19738812,rs7834115,LPL
chr8,19738845,rs7845961,LPL
chr8,19738878,rs7830586,LPL
chr8,19738961,rs77502815,LPL
chr8,19739157,rs74919978,LPL
chr8,19739221,rs115207000,LPL
chr8,19739243,rs17410407,LPL
chr8,19739836,rs113475458,LPL
chr8,19739974,rs7835544,LPL
chr8,19740148,rs76628105,LPL
chr8,19740149,rs11991793,LPL
chr8,19740868,rs717834,LPL
chr8,19740955,rs77125806,LPL
chr8,19741186,rs77829308,LPL
chr8,19741755,rs1837844,LPL
chr8,19742204,rs73607783,LPL
chr8,19742699,rs73607786,LPL
chr8,19743217,rs79341217,LPL
chr8,19743254,rs74974359,LPL
chr8,19744596,rs10503666,LPL
chr8,19744771,rs143855834,LPL
chr8,19745796,rs11204080,LPL
chr8,19745934,rs28522810,LPL
chr8,19746216,rs117250863,LPL
chr8,19746499,rs10101204,LPL
chr8,19746590,rs146637026,LPL
chr8,19746807,rs35550741,LPL
chr8,19746876,rs17482310,LPL
chr8,19747498,rs34955499,LPL
chr8,19748122,rs11204081,LPL
chr8,19748221,rs117527439,LPL
chr8,19748448,rs79396901,LPL
chr8,19748603,rs7844579,LPL
chr8,19748856,rs7822518,LPL
chr8,19748921,rs1866956,LPL
chr8,19748989,rs74345411,LPL
chr8,19749287,rs966773,LPL
chr8,19749390,rs3898938,LPL
chr8,19749883,rs17091651,LPL
chr8,19750044,rs59347135,LPL
chr8,19750240,rs138094414,LPL
chr8,19750839,rs9694385,LPL
chr8,19750951,rs112861901,LPL
chr8,19750968,rs10107175,LPL
chr8,19751024,rs112334051,LPL
chr8,19751366,rs191339775,LPL
chr8,19751399,rs12550077,LPL
chr8,19751417,rs183650844,LPL
chr8,19751560,rs1441776,LPL
chr8,19751651,rs1441775,LPL
chr8,19751939,rs1441773,LPL
chr8,19752207,rs11995314,LPL
chr8,19752337,rs77725526,LPL
chr8,19753467,rs80041799,LPL
chr8,19753521,rs17482386,LPL
chr8,19754432,rs141522237,LPL
chr8,19754595,rs6981935,LPL
chr8,19754718,rs1919482,LPL
chr8,19754824,rs147258678,LPL
chr8,19755127,rs76085257,LPL
chr8,19755175,rs73597688,LPL
chr8,19755626,rs73597690,LPL
chr8,19755757,rs80237246,LPL
chr8,19755977,rs12543154,LPL
chr8,19756421,rs10091649,LPL
chr8,19756592,rs73597699,LPL
chr8,19756813,rs10102717,LPL
chr8,19757036,rs75240547,LPL
chr8,19757300,rs1441771,LPL
chr8,19757319,rs1441770,LPL
chr8,19757543,rs149261570,LPL
chr8,19757553,rs77948557,LPL
chr8,19759399,rs1534651,LPL
chr8,19761990,rs183801835,LPL
chr8,19762706,rs79191030,LPL
chr8,19763992,rs77032723,LPL
chr8,19764914,rs192423215,LPL
chr8,19767026,rs184169862,LPL
chr8,19767203,rs60526148,LPL
chr8,19770379,rs3988301,LPL
chr8,19770734,rs149547411,LPL
chr8,19772138,rs143285418,LPL
chr8,19773545,rs559883181,LPL
chr8,19774890,rs28834434,LPL
chr8,19776981,rs4466415,LPL
chr8,19777756,rs117355953,LPL
chr8,19777956,rs6991095,LPL
chr8,19779357,rs76372533,LPL
chr8,19780310,rs77899453,LPL
chr8,19780360,rs143356691,LPL
chr8,19780427,rs147538205,LPL
chr8,19780457,rs2119692,LPL
chr8,19784706,rs79454293,LPL
chr8,19785861,rs7844399,LPL
chr8,19786891,rs7816032,LPL
chr8,19788605,rs139001474,LPL
chr8,19788675,rs149764042,LPL
chr8,19788766,rs4592053,LPL
chr8,19789685,rs528397993,LPL
chr8,19789998,rs150331294,LPL
chr8,19790718,rs182893294,LPL
chr8,19791071,rs141458890,LPL
chr8,19791346,rs145353248,LPL
chr8,19791860,rs188385627,LPL
chr8,19793606,rs12549099,LPL
chr8,19797916,rs3779787,LPL
chr8,19799641,rs1534649,LPL
chr8,19801530,rs112127208,LPL
chr8,19802402,rs10104051,LPL
chr8,19802560,rs140195431,LPL
chr8,19803093,rs3779788,LPL
chr8,19803831,rs59630933,LPL
chr8,19803996,rs56321069,LPL
chr8,19806568,rs74377536,LPL
chr8,19806671,rs8176337,LPL
chr8,19807346,rs60772381,LPL
chr8,19808030,rs74304285,LPL
chr8,19808131,rs113023641,LPL
chr8,19809479,rs3735959,LPL
chr8,19809695,rs73667472,LPL
chr8,19810787,rs343,LPL
chr8,19811006,rs249,LPL
chr8,19811417,rs253,LPL
chr8,19811897,rs254,LPL
chr8,19811901,rs255,LPL
chr8,19811967,rs256,LPL
chr8,19812252,rs258,LPL
chr8,19812812,rs263,LPL
chr8,19813180,rs264,LPL
chr8,19813667,rs269,LPL
chr8,19813676,rs270,LPL
chr8,19813702,rs271,LPL
chr8,19814403,rs277,LPL
chr8,19814523,rs278,LPL
chr8,19815023,rs281,LPL
chr8,19815098,rs283,LPL
chr8,19815189,rs285,LPL
chr8,19815265,rs118141845,LPL
chr8,19815556,rs287,LPL
chr8,19815619,rs289,LPL
chr8,19815783,rs534976766,LPL
chr8,19815852,rs291,LPL
chr8,19816097,rs117416450,LPL
chr8,19816125,rs294,LPL
chr8,19816238,rs295,LPL
chr8,19816286,rs192934442,LPL
chr8,19816371,rs297,LPL
chr8,19816932,rs201072028,LPL
chr8,19816934,rs301,LPL
chr8,19817279,rs303,LPL
chr8,19817361,rs304,LPL
chr8,19817401,rs305,LPL
chr8,19817476,rs308,LPL
chr8,19817546,rs310,LPL
chr8,19817997,rs312,LPL
chr8,19818042,rs314,LPL
chr8,19818436,rs316,LPL
chr8,19818773,rs117026536,LPL
chr8,19818976,rs319,LPL
chr8,19819077,rs320,LPL
chr8,19819217,rs322,LPL
chr8,19819328,rs325,LPL
chr8,19819439,rs326,LPL
chr8,19819536,rs327,LPL
chr8,19819724,rs328,LPL
chr8,19820396,rs330,LPL
chr8,19820405,rs331,LPL
chr8,19820433,rs12679834,LPL
chr8,19820916,rs117199990,LPL
chr8,19820933,rs145391587,LPL
chr8,19821425,rs75278536,LPL
chr8,19821667,rs146744580,LPL
chr8,19821782,rs77069344,LPL
chr8,19821815,rs10099160,LPL
chr8,19822810,rs11570891,LPL
chr8,19822830,rs4922115,LPL
chr8,19823617,rs11570892,LPL
chr8,19823648,rs3208305,LPL
chr8,19823674,rs1803924,LPL
chr8,19823770,rs11570893,LPL
chr8,19823963,rs1059507,LPL
chr8,19824045,rs3735964,LPL
chr8,19824071,rs3200218,LPL
chr8,19824492,rs13702,LPL
chr8,19824563,rs1059611,LPL
chr8,19824667,rs15285,LPL
chr8,19824669,rs3866471,LPL
chr8,19824868,rs3916027,LPL
chr8,19824896,rs9644636,LPL
chr8,19825068,rs4921683,LPL
chr8,19825128,rs4921684,LPL
chr8,19826302,rs77150190,LPL
chr8,19826318,rs77729186,LPL
chr8,19826373,rs2197089,LPL
chr8,19826701,rs79108221,LPL
chr8,19827848,rs10105606,LPL
chr8,19828313,rs554780319,LPL
chr8,19828679,rs2410616,LPL
chr8,19828893,rs2410617,LPL
chr8,19829155,rs76270802,LPL
chr8,19830170,rs1569209,LPL
chr8,19830766,rs1561750,LPL
chr8,19830769,rs1011685,LPL
chr8,19830921,rs10096633,LPL
chr8,19831798,rs1372339,LPL
chr8,19831977,rs17091872,LPL
chr8,19832646,rs17482753,LPL
chr8,19832778,rs4922116,LPL
chr8,19833571,rs1441777,LPL
chr8,19833729,rs10097668,LPL
chr8,19834160,rs1837845,LPL
chr8,19835050,rs2165557,LPL
chr8,19835951,rs10105868,LPL
chr8,19836646,rs78963197,LPL
chr8,19836733,rs28765179,LPL
chr8,19836984,rs74855321,LPL
chr8,19837745,rs76774112,LPL
chr8,19838469,rs4464984,LPL
chr8,19840341,rs58946909,LPL
chr8,19840408,rs75551077,LPL
chr8,19842297,rs145779486,LPL
chr8,19842768,rs113988682,LPL
chr8,19843171,rs17091891,LPL
chr8,19843462,rs17410914,LPL
chr8,19843861,rs117227752,LPL
chr8,19843879,rs59147390,LPL
chr8,19843930,rs184371102,LPL
chr8,19844222,rs12678919,LPL
chr8,19844228,rs34770253,LPL
chr8,19844415,rs7819706,LPL
chr8,19844439,rs115129770,LPL
chr8,19845376,rs7841189,LPL
chr8,19846314,rs78458743,LPL
chr8,19846489,rs114566157,LPL
chr8,19846580,rs139894713,LPL
chr8,19847060,rs12682115,LPL
chr8,19847223,rs78013771,LPL
chr8,19847259,rs12545984,LPL
chr8,19847441,rs76496571,LPL
chr8,19847672,rs77776223,LPL
chr8,19847690,rs10503669,LPL
chr8,19848080,rs17410962,LPL
chr8,19848396,rs117604010,LPL
chr8,19848425,rs144818261,LPL
chr8,19848499,rs17489185,LPL
chr8,19848693,rs17410983,LPL
chr8,19848878,rs17489226,LPL
chr8,19849272,rs17410996,LPL
chr8,19849431,rs17091900,LPL
chr8,19849670,rs75801420,LPL
chr8,19849757,rs17091905,LPL
chr8,19849989,rs114964604,LPL
chr8,19849992,rs73600084,LPL
chr8,19851508,rs76975037,LPL
chr8,19851886,rs193153822,LPL
chr8,19852045,rs17489268,LPL
chr8,19852156,rs17091909,LPL
chr8,19852310,rs17411031,LPL
chr8,19852362,rs17411045,LPL
chr8,19852518,rs17489282,LPL
chr8,19852586,rs4922117,LPL
chr8,19852829,rs1822200,LPL
chr8,19852939,rs1372344,LPL
chr8,19852948,rs1372345,LPL
chr8,19853389,rs1992442,LPL
chr8,19853500,rs2410618,LPL
chr8,19853587,rs1992443,LPL
chr8,19854267,rs920588,LPL
chr8,19854361,rs920589,LPL
chr8,19854500,rs4425772,LPL
chr8,19854509,rs4628269,LPL
chr8,19854553,rs2410619,LPL
chr8,19854637,rs4320561,LPL
chr8,19854660,rs2410620,LPL
chr8,19854682,rs2410621,LPL
chr8,19854773,rs2410622,LPL
chr8,19854889,rs2410623,LPL
chr8,19855006,rs17411113,LPL
chr8,19855030,rs79734126,LPL
chr8,19855221,rs34564316,LPL
chr8,19855272,rs17411126,LPL
chr8,19855331,rs17411133,LPL
chr8,19855344,rs17489373,LPL
chr8,19855600,rs17411168,LPL
chr8,19855661,rs34932218,LPL
chr8,19856079,rs34716293,LPL
chr8,19856260,rs2165558,LPL
chr8,19856539,rs4523270,LPL
chr8,19858330,rs10108800,LPL
chr8,19858343,rs2103325,LPL
chr8,19858499,rs1581675,LPL
chr8,19859120,rs4490856,LPL
chr8,19859166,rs894212,LPL
chr8,19859539,rs2119690,LPL
chr8,19859627,rs2165556,LPL
chr8,19859791,rs12541912,LPL
chr8,19860197,rs74869266,LPL
chr8,19860460,rs79236614,LPL
chr8,19860747,rs34818360,LPL
chr8,19861226,rs4083261,LPL
chr8,19861361,rs3844510,LPL
chr8,19861854,rs6651485,LPL
chr8,19862220,rs2410625,LPL
chr8,19862501,rs114232379,LPL
chr8,19862570,rs4644277,LPL
chr8,19862746,rs4389957,LPL
chr8,19862788,rs1441766,LPL
chr8,19862873,rs1441765,LPL
chr8,19863024,rs1441764,LPL
chr8,19863358,rs6586884,LPL
chr8,19863471,rs6999813,LPL
chr8,19863507,rs2119689,LPL
chr8,19863873,rs1596102,LPL
chr8,19864556,rs1441763,LPL
chr8,19864687,rs1441762,LPL
chr8,19864748,rs1441761,LPL
chr8,19864749,rs1441760,LPL
chr8,19865175,rs2083637,LPL
chr8,19865263,rs2083636,LPL
chr8,19865455,rs77237194,LPL
chr8,19865509,rs35495249,LPL
chr8,19865747,rs894211,LPL
chr8,19865843,rs894210,LPL
chr8,19866274,rs765547,LPL
chr8,19866594,rs765548,LPL
chr8,19866631,rs765549,LPL
chr8,19866878,rs1441758,LPL
chr8,19867220,rs9644637,LPL
chr8,19867400,rs9644638,LPL
chr8,19867445,rs11986942,LPL
chr8,19867494,rs34327087,LPL
chr8,19867536,rs34345068,LPL
chr8,19867853,rs2009493,LPL
chr8,19868102,rs1837843,LPL
chr8,19868290,rs1837842,LPL
chr8,19868377,rs1441757,LPL
chr8,19868386,rs1441756,LPL
chr8,19868888,rs1441755,LPL
chr8,19868939,rs1441754,LPL
chr8,19868971,rs4406409,LPL
chr8,19869064,rs1441753,LPL
chr8,19869366,rs4126104,LPL
chr8,19869676,rs1919484,LPL
chr8,19869933,rs149284674,LPL
chr8,19869987,rs35687633,LPL
chr8,19870015,rs34942551,LPL
chr8,19870027,rs34499461,LPL
chr8,19870044,rs35369244,LPL
chr8,19870087,rs35739466,LPL
chr8,19870263,rs35617716,LPL
chr8,19870271,rs35237252,LPL
chr8,19870693,rs7005359,LPL
chr8,19870735,rs1569213,LPL
chr8,19871113,rs78810414,LPL
chr8,19871238,rs117672317,LPL
chr8,19871320,rs1372343,LPL
chr8,19871331,rs1372342,LPL
chr8,19871332,rs1372341,LPL
chr8,19871372,rs1372340,LPL
chr8,19871487,rs2410626,LPL
chr8,19871513,rs2410627,LPL
chr8,19871540,rs7461115,LPL
chr8,19871580,rs2898494,LPL
chr8,19871629,rs2410628,LPL
chr8,19871637,rs2410629,LPL
chr8,19871892,rs2898495,LPL
chr8,19872008,rs4593558,LPL
chr8,19872179,rs17489518,LPL
chr8,19872186,rs17411294,LPL
chr8,19872780,rs6986010,LPL
chr8,19873556,rs35465966,LPL
chr8,19873566,rs34693282,LPL
chr8,19873582,rs17489539,LPL
chr8,19874145,rs4922118,LPL
chr8,19874153,rs4922119,LPL
chr8,19874498,rs4375019,LPL
chr8,19875004,rs4333617,LPL
chr8,19875021,rs140027725,LPL
chr8,19875100,rs2410630,LPL
chr8,19875408,rs6586886,LPL
chr8,19875554,rs4403423,LPL
chr8,19875724,rs7012658,LPL
chr8,19875971,rs140536816,LPL
chr8,19876115,rs73208815,LPL
chr8,19876234,rs28675909,LPL
chr8,19876264,rs79198716,LPL
chr8,19876524,rs78300069,LPL
chr8,19876594,rs76737188,LPL
chr8,19876746,rs7016880,LPL
chr8,19876797,rs7007609,LPL
chr8,19876970,rs7007797,LPL
chr8,19877208,rs7004149,LPL
chr8,19877233,rs7004158,LPL
chr8,19877253,rs6983430,LPL
chr8,19877461,rs77219697,LPL
chr8,19877732,rs12678603,LPL
chr8,19877773,rs12678604,LPL
chr8,19878154,rs1534650,LPL
chr8,19878356,rs7013777,LPL
chr8,19878574,rs138005452,LPL
chr8,19878598,rs4922120,LPL
chr8,19878704,rs112994260,LPL
chr8,19878870,rs142117848,LPL
chr8,19878874,rs4335137,LPL
chr8,19879077,rs1819092,LPL
chr8,19879315,rs1819094,LPL
chr8,19879674,rs4406410,LPL
chr8,19879809,rs75082673,LPL
chr8,19879848,rs7814716,LPL
chr8,19879850,rs7814717,LPL
chr8,19880330,rs11989309,LPL
chr8,19880379,rs34211025,LPL
chr8,19880726,rs75675187,LPL
chr8,19881039,rs28760295,LPL
chr8,19881040,rs74511360,LPL
chr8,19881058,rs78404258,LPL
chr8,19881236,rs74615535,LPL
chr8,19881801,rs60223219,LPL
chr8,19881884,rs13270170,LPL
chr8,19882006,rs13272644,LPL
chr8,19882721,rs1919485,LPL
chr8,19882887,rs75717700,LPL
chr8,19882950,rs7816447,LPL
chr8,19883134,rs117577042,LPL
chr8,19883287,rs1919486,LPL
chr8,19883530,rs1919487,LPL
chr8,19883924,rs73208819,LPL
chr8,19884257,rs114650503,LPL
chr8,19884947,rs9644639,LPL
chr8,19885568,rs2410631,LPL
chr8,19885657,rs2410632,LPL
chr8,19885726,rs11984636,LPL
chr8,19885934,rs11984698,LPL
chr8,19886688,rs11995475,LPL
chr8,19886887,rs10087827,LPL
chr8,19887162,rs75469215,LPL
chr8,19888284,rs143329713,LPL
chr8,19888313,rs73208821,LPL
chr8,19889125,rs2178296,LPL
chr8,19889399,rs78358410,LPL
chr8,19889872,rs7837677,LPL
chr8,19890322,rs4574859,LPL
chr8,19890612,rs10103634,LPL
chr8,19890776,rs10090948,LPL
chr8,19891227,rs28526159,LPL
chr8,19891448,rs35234854,LPL
chr8,19891519,rs34214665,LPL
chr8,19892181,rs4442164,LPL
chr8,19892689,rs12682303,LPL
chr8,19893186,rs36184416,LPL
chr8,19893297,rs139315015,LPL
chr8,19893309,rs36160319,LPL
chr8,19893951,rs35591684,LPL
chr8,19894504,rs28841897,LPL
chr8,19894593,rs140342648,LPL
chr8,19896658,rs62500097,LPL
chr8,19897404,rs149001621,LPL
chr8,19897420,rs2091590,LPL
chr8,19897847,rs2141471,LPL
chr8,19898078,rs7841503,LPL
chr8,19898492,rs4424270,LPL
chr8,19898726,rs117465412,LPL
chr8,19899046,rs4244457,LPL
chr8,19899161,rs76259755,LPL
chr8,19899493,rs117602203,LPL
chr8,19899697,rs2178298,LPL
chr8,19900402,rs13270178,LPL
chr8,19900473,rs34887181,LPL
chr8,19900483,rs35087225,LPL
chr8,19900671,rs7826306,LPL
chr8,19902067,rs1406502,LPL
chr8,19902177,rs1406501,LPL
chr8,19902769,rs2049749,LPL
chr8,19902830,rs2178297,LPL
chr8,19902918,rs6993414,LPL
chr8,19903250,rs74983646,LPL
chr8,19903320,rs4449813,LPL
chr8,19903355,rs1590120,LPL
chr8,19903423,rs1581674,LPL
chr8,19905463,rs139233287,LPL
chr8,19905904,rs78299715,LPL
chr8,19905960,rs118099376,LPL
chr8,19906071,rs11989250,LPL
chr8,19906190,rs13256785,LPL
chr8,19906415,rs184461959,LPL
chr8,19906693,rs12544475,LPL
chr8,19906775,rs12544485,LPL
chr8,19907912,rs11991231,LPL
chr8,19908650,rs59336479,LPL
chr8,19909426,rs7015401,LPL
chr8,19909619,rs80118115,LPL
chr8,19910517,rs7833382,LPL
chr8,19910665,rs186276145,LPL
chr8,19910725,rs34346317,LPL
chr8,19910825,rs12678386,LPL
chr8,19910876,rs12544152,LPL
chr8,19910883,rs12544171,LPL
chr8,19910909,rs12543608,LPL
chr8,19910918,rs12545849,LPL
chr8,19912060,rs66462329,LPL
chr8,19912180,rs2898497,LPL
chr8,19912260,rs4319113,LPL
chr8,19912337,rs4341175,LPL
chr8,19912370,rs115849089,LPL
chr8,19912552,rs56119834,LPL
chr8,19912574,rs138732687,LPL
chr8,19912848,rs4577974,LPL
chr8,19912945,rs35417897,LPL
chr8,19913254,rs4585763,LPL
chr8,19914082,rs1569212,LPL
chr8,19914106,rs1569211,LPL
chr8,19914303,rs1569210,LPL
chr8,19914598,rs6586891,LPL
chr8,19915206,rs55956142,LPL
chr8,19915393,rs12549165,LPL
chr8,19915554,rs10104610,LPL
chr8,19915563,rs12549191,LPL
chr8,19915790,rs13270968,LPL
chr8,19916004,rs13263007,LPL
chr8,19916120,rs66778572,LPL
chr8,19916710,rs7845015,LPL
chr8,19916804,rs7814176,LPL
chr8,19916891,rs117634459,LPL
chr8,19917319,rs4922123,LPL
chr8,19918035,rs13282790,LPL
chr8,19918074,rs34538958,LPL
chr8,19918553,rs35014088,LPL
chr8,19918841,rs13258187,LPL
chr8,19918984,rs35330363,LPL
chr8,19919169,rs10098925,LPL
chr8,19919404,rs62498166,LPL
chr8,19919486,rs10086580,LPL
chr8,19919655,rs4128744,LPL
chr8,19920337,rs34825050,LPL
chr8,19920368,rs34569632,LPL
chr8,19920509,rs35481807,LPL
chr8,19920721,rs35001898,LPL
chr8,19920825,rs34875285,LPL
chr8,19922036,rs34575744,LPL
chr8,19922463,rs36124048,LPL
chr8,19922610,rs4637851,LPL
chr8,19922885,rs35892161,LPL
chr8,19923293,rs13261242,LPL
chr8,19923297,rs13252698,LPL
chr8,19923553,rs13253283,LPL
chr8,19923579,rs75160504,LPL
chr8,19923588,rs13251424,LPL
chr8,19923659,rs74984062,LPL
chr8,19923758,rs13254929,LPL
chr8,19923814,rs12548902,LPL
chr8,19923818,rs12549417,LPL
chr8,19923843,rs12546386,LPL
chr8,19923844,rs12548905,LPL
chr8,19923902,rs12541270,LPL
